zcta,acs_year,population,population_moe,median_household_income,median_household_income_moe,median_household_income_top_coded
07305,2024,72161,2650,76527,8046,False
10001,2024,30511,1797,129852,25244,False
10002,2024,76873,3494,48386,4836,False
10003,2024,53560,2107,154262,10754,False
10004,2024,3711,909,,,True
10005,2024,9439,1107,190233,34473,False
10006,2024,4096,796,190170,54768,False
10007,2024,7406,1151,,,True
10009,2024,60209,3423,92876,11571,False
10010,2024,30702,2567,144969,26449,False
10011,2024,48277,2621,145987,8167,False
10012,2024,21426,1506,137106,17854,False
10013,2024,27219,1966,161154,43418,False
10014,2024,29230,1737,176395,12595,False
10016,2024,52971,2942,140381,10348,False
10017,2024,15297,1695,136705,25264,False
10018,2024,8559,1139,145958,34189,False
10019,2024,44942,2734,128559,20899,False
10020,2024,0,14,,,False
10021,2024,39868,2869,158677,22110,False
10022,2024,34049,2867,172026,15809,False
10023,2024,69455,3095,159874,14788,False
10024,2024,63115,4275,181560,14326,False
10025,2024,93065,4601,108940,8662,False
10026,2024,37123,2574,81244,9379,False
10027,2024,63885,3153,59587,6118,False
10028,2024,49077,3329,175121,27619,False
10029,2024,77447,3887,38695,5694,False
10030,2024,29297,2352,39802,7797,False
10031,2024,61058,3098,65283,6167,False
10032,2024,55610,2915,56829,5888,False
10033,2024,54838,3412,75040,5112,False
10034,2024,37758,3147,67754,8899,False
10035,2024,38862,2243,45121,4950,False
10036,2024,31036,2192,95638,13771,False
10037,2024,19031,1693,49153,7783,False
10038,2024,22235,2453,105419,18564,False
10039,2024,32492,2465,45371,4629,False
10040,2024,40096,3043,65516,7579,False
10044,2024,11520,992,103347,16617,False
10065,2024,30808,2221,155331,19458,False
10069,2024,6509,1758,233636,52737,False
10075,2024,21897,2532,155902,23510,False
10103,2024,0,14,,,False
10110,2024,0,14,,,False
10111,2024,0,14,,,False
10112,2024,0,14,,,False
10115,2024,0,14,,,False
10119,2024,0,14,,,False
10128,2024,57976,3236,147772,11385,False
10152,2024,7,12,,,False
10153,2024,0,14,,,False
10154,2024,0,14,,,False
10162,2024,1603,691,114139,101432,False
10165,2024,0,14,,,False
10167,2024,0,14,,,False
10168,2024,0,14,,,False
10169,2024,0,14,,,False
10170,2024,0,14,,,False
10171,2024,0,14,,,False
10172,2024,0,14,,,False
10173,2024,0,14,,,False
10174,2024,0,14,,,False
10177,2024,0,14,,,False
10199,2024,0,14,,,False
10271,2024,0,14,,,False
10278,2024,0,14,,,False
10279,2024,259,263,,,True
10280,2024,8933,1579,206299,72721,False
10282,2024,5887,1028,,,True
10301,2024,41052,2237,85609,8827,False
10302,2024,19030,1956,78263,9565,False
10303,2024,26497,1850,83947,8679,False
10304,2024,45658,2387,71561,7057,False
10305,2024,41270,2118,83413,5796,False
10306,2024,57428,3061,96866,7661,False
10307,2024,15512,1452,147184,16727,False
10308,2024,30568,2183,125850,12228,False
10309,2024,34885,2320,116098,22465,False
10310,2024,25672,1824,106250,12538,False
10311,2024,0,14,,,False
10312,2024,63469,2359,110719,5237,False
10314,2024,93915,3209,104613,8051,False
10451,2024,50942,2792,38770,5085,False
10452,2024,75682,3605,41288,4146,False
10453,2024,76282,3350,33186,2783,False
10454,2024,39570,2157,24086,3969,False
10455,2024,44801,3458,36115,3299,False
10456,2024,87533,4170,34954,3278,False
10457,2024,79543,3888,42683,4482,False
10458,2024,74898,3716,40800,2867,False
10459,2024,48270,2809,38006,4404,False
10460,2024,59396,2863,36309,4906,False
10461,2024,52012,2015,67028,6955,False
10462,2024,76320,3175,60966,2195,False
10463,2024,69470,3020,74974,3350,False
10464,2024,3828,753,103125,43009,False
10465,2024,45404,2165,87985,7869,False
10466,2024,71116,3626,65969,7407,False
10467,2024,96421,3574,49330,2681,False
10468,2024,75557,3861,46233,4057,False
10469,2024,68521,3103,76020,5117,False
10470,2024,16004,1277,90046,6145,False
10471,2024,23798,1414,103046,10156,False
10472,2024,64011,2926,41039,4195,False
10473,2024,58855,2836,52462,5611,False
10474,2024,11270,1375,41586,6868,False
10475,2024,42578,3278,62712,5933,False
10550,2024,38972,1955,60701,7511,False
10704,2024,31921,2048,106786,8102,False
10705,2024,38887,2360,67918,4963,False
10803,2024,13072,179,215208,21904,False
11001,2024,25493,969,150000,14141,False
11004,2024,13615,1533,115360,15256,False
11005,2024,2174,444,89931,39675,False
11020,2024,5676,765,167148,24440,False
11021,2024,19783,879,120230,16218,False
11040,2024,41988,1758,154696,9186,False
11101,2024,42219,2438,121062,8902,False
11102,2024,28503,1578,96617,10089,False
11103,2024,35163,2055,93324,6909,False
11104,2024,26132,1653,80709,4757,False
11105,2024,37936,1913,102012,4960,False
11106,2024,40930,2611,84867,6399,False
11109,2024,7948,1164,204885,25090,False
11201,2024,70674,2680,173136,8354,False
11203,2024,74817,2639,67897,5889,False
11204,2024,79800,3496,69479,5994,False
11205,2024,51676,2782,93887,12536,False
11206,2024,93020,3492,61430,4608,False
11207,2024,93198,3245,56523,3773,False
11208,2024,105428,4174,62077,4159,False
11209,2024,71004,2166,93854,3949,False
11210,2024,57915,2959,83692,6476,False
11211,2024,65314,3782,107506,9796,False
11212,2024,89020,4448,41355,3952,False
11213,2024,68846,2896,65127,5801,False
11214,2024,89397,3338,65895,3580,False
11215,2024,70441,2880,185865,9246,False
11216,2024,60685,2440,101277,3920,False
11217,2024,43490,1913,162863,12941,False
11218,2024,72042,3495,97366,7032,False
11219,2024,94196,4146,58347,4474,False
11220,2024,90652,3714,69883,4800,False
11221,2024,91588,3840,85736,5827,False
11222,2024,42853,1668,125734,7243,False
11223,2024,78093,3107,63368,4608,False
11224,2024,50822,3180,43648,3368,False
11225,2024,58158,3040,88568,5580,False
11226,2024,95144,4401,81014,3494,False
11228,2024,42241,1991,83665,7723,False
11229,2024,78377,2683,70603,4890,False
11230,2024,86978,3265,70027,5299,False
11231,2024,38276,2310,139930,13219,False
11232,2024,27816,1850,90891,6151,False
11233,2024,81822,2906,62411,4156,False
11234,2024,83187,2677,97479,3460,False
11235,2024,78558,2632,59661,4262,False
11236,2024,88051,2953,81464,4874,False
11237,2024,45334,2400,85196,5831,False
11238,2024,58345,2167,134523,11270,False
11239,2024,16410,1562,38015,7045,False
11249,2024,47728,3149,123047,10799,False
11354,2024,53028,2494,66010,3123,False
11355,2024,80801,3658,55326,3066,False
11356,2024,25824,2473,86730,13390,False
11357,2024,43346,2411,96988,11283,False
11358,2024,37665,1996,88165,6911,False
11359,2024,0,14,,,False
11360,2024,19469,2067,98875,10010,False
11361,2024,30127,1718,105932,8729,False
11362,2024,18492,1349,122090,8471,False
11363,2024,7223,884,125015,29660,False
11364,2024,35276,2359,98359,3320,False
11365,2024,42322,2803,81258,9198,False
11366,2024,13463,1378,135373,13367,False
11367,2024,40923,2746,75061,11133,False
11368,2024,105716,4085,72270,2949,False
11369,2024,35133,2174,80297,6100,False
11370,2024,30267,2523,76009,6874,False
11371,2024,0,14,,,False
11372,2024,64756,3427,78606,4397,False
11373,2024,98403,3774,71480,3993,False
11374,2024,46989,2716,90631,3891,False
11375,2024,76839,3249,105904,5464,False
11377,2024,81690,3523,73073,5495,False
11378,2024,36392,2211,85830,3957,False
11379,2024,36773,1990,93558,8745,False
11385,2024,101704,3765,88838,4663,False
11411,2024,20540,1294,116458,7102,False
11412,2024,39828,2406,97979,5428,False
11413,2024,45965,2366,118440,7699,False
11414,2024,31308,2483,95051,14428,False
11415,2024,21154,1726,86394,6734,False
11416,2024,25919,1521,81188,10081,False
11417,2024,30578,1875,87006,7873,False
11418,2024,35481,2270,90156,7747,False
11419,2024,47441,2657,93399,7396,False
11420,2024,49415,2416,100006,5819,False
11421,2024,40612,2390,90685,6568,False
11422,2024,33757,2076,114697,8277,False
11423,2024,28534,1900,80054,12576,False
11424,2024,0,14,,,False
11426,2024,19411,2020,103533,12268,False
11427,2024,24607,2011,88980,10548,False
11428,2024,19028,1522,91296,13942,False
11429,2024,26832,1876,102880,8694,False
11430,2024,588,45,,,False
11432,2024,62892,3031,74096,6865,False
11433,2024,37884,2443,77519,4579,False
11434,2024,68263,2686,77598,6021,False
11435,2024,56826,2977,79710,4627,False
11436,2024,22527,1288,88047,9180,False
11439,2024,2170,77,,,False
11451,2024,0,14,,,False
11580,2024,43092,2497,137402,13459,False
11691,2024,69359,3379,56135,5545,False
11692,2024,22734,1951,49720,4867,False
11693,2024,13244,1339,68449,11743,False
11694,2024,21489,1900,111011,12498,False
11697,2024,4429,858,122667,27437,False
